<?xml version="1.0" encoding="ISO-8859-1" ?>
<link_info>
   <banner>TI ARM Clang Linker Unix v4.0.1.LTS</banner>
   <copyright>Copyright (c) 1996-2018 Texas Instruments Incorporated</copyright>
   <command_line>/mnt/ccs/ccs/tools/compiler/ti-cgt-armllvm_4.0.1.LTS/bin/tiarmlnk -I/mnt/ccs/ccs/tools/compiler/ti-cgt-armllvm_4.0.1.LTS/lib -o i2c_controller_rw_multibyte_fifo_interrupts_LP_MSPM0C1104_nortos_ticlang.out -mi2c_controller_rw_multibyte_fifo_interrupts_LP_MSPM0C1104_nortos_ticlang.map -i/mnt/tirex-content/mspm0_sdk_2_03_00_07/source -i/home/guest/ide/default/i2c_controller_rw_multibyte_fifo_interrupts_LP_MSPM0C1104_nortos_ticlang -i/home/guest/ide/default/i2c_controller_rw_multibyte_fifo_interrupts_LP_MSPM0C1104_nortos_ticlang/Debug/syscfg -i/mnt/ccs/ccs/tools/compiler/ti-cgt-armllvm_4.0.1.LTS/lib --diag_wrap=off --display_error_number --warn_sections --xml_link_info=i2c_controller_rw_multibyte_fifo_interrupts_LP_MSPM0C1104_nortos_ticlang_linkInfo.xml --rom_model ./ti_msp_dl_config.o ./startup_mspm0c110x_ticlang.o ./application/main.o ./application/bma530_functions.o ./application/bma530_hostControl.o ./application/bma530_registers.o ./application/opt3007_functions.o ./application/opt3007_hostControl.o ./application/opt3007_registers.o -l./device_linker.cmd -ldevice.cmd.genlibs -llibc.a --start-group -llibc++.a -llibc++abi.a -llibc.a -llibsys.a -llibsysbm.a -llibclang_rt.builtins.a -llibclang_rt.profile.a --end-group --cg_opt_level=2</command_line>
   <link_time>0x677a4233</link_time>
   <link_errors>0x0</link_errors>
   <output_file>/home/guest/ide/default/i2c_controller_rw_multibyte_fifo_interrupts_LP_MSPM0C1104_nortos_ticlang/Debug/i2c_controller_rw_multibyte_fifo_interrupts_LP_MSPM0C1104_nortos_ticlang.out</output_file>
   <entry_point>
      <name>_c_int00_noargs</name>
      <address>0x751</address>
   </entry_point>
   <input_file_list>
      <input_file id="fl-1">
         <path>/home/guest/ide/default/i2c_controller_rw_multibyte_fifo_interrupts_LP_MSPM0C1104_nortos_ticlang/Debug/./</path>
         <kind>object</kind>
         <file>ti_msp_dl_config.o</file>
         <name>ti_msp_dl_config.o</name>
      </input_file>
      <input_file id="fl-2">
         <path>/home/guest/ide/default/i2c_controller_rw_multibyte_fifo_interrupts_LP_MSPM0C1104_nortos_ticlang/Debug/./</path>
         <kind>object</kind>
         <file>startup_mspm0c110x_ticlang.o</file>
         <name>startup_mspm0c110x_ticlang.o</name>
      </input_file>
      <input_file id="fl-3">
         <path>/home/guest/ide/default/i2c_controller_rw_multibyte_fifo_interrupts_LP_MSPM0C1104_nortos_ticlang/Debug/./application/</path>
         <kind>object</kind>
         <file>main.o</file>
         <name>main.o</name>
      </input_file>
      <input_file id="fl-4">
         <path>/home/guest/ide/default/i2c_controller_rw_multibyte_fifo_interrupts_LP_MSPM0C1104_nortos_ticlang/Debug/./application/</path>
         <kind>object</kind>
         <file>bma530_functions.o</file>
         <name>bma530_functions.o</name>
      </input_file>
      <input_file id="fl-5">
         <path>/home/guest/ide/default/i2c_controller_rw_multibyte_fifo_interrupts_LP_MSPM0C1104_nortos_ticlang/Debug/./application/</path>
         <kind>object</kind>
         <file>bma530_hostControl.o</file>
         <name>bma530_hostControl.o</name>
      </input_file>
      <input_file id="fl-6">
         <path>/home/guest/ide/default/i2c_controller_rw_multibyte_fifo_interrupts_LP_MSPM0C1104_nortos_ticlang/Debug/./application/</path>
         <kind>object</kind>
         <file>bma530_registers.o</file>
         <name>bma530_registers.o</name>
      </input_file>
      <input_file id="fl-7">
         <path>/home/guest/ide/default/i2c_controller_rw_multibyte_fifo_interrupts_LP_MSPM0C1104_nortos_ticlang/Debug/./application/</path>
         <kind>object</kind>
         <file>opt3007_functions.o</file>
         <name>opt3007_functions.o</name>
      </input_file>
      <input_file id="fl-8">
         <path>/home/guest/ide/default/i2c_controller_rw_multibyte_fifo_interrupts_LP_MSPM0C1104_nortos_ticlang/Debug/./application/</path>
         <kind>object</kind>
         <file>opt3007_hostControl.o</file>
         <name>opt3007_hostControl.o</name>
      </input_file>
      <input_file id="fl-9">
         <path>/home/guest/ide/default/i2c_controller_rw_multibyte_fifo_interrupts_LP_MSPM0C1104_nortos_ticlang/Debug/./application/</path>
         <kind>object</kind>
         <file>opt3007_registers.o</file>
         <name>opt3007_registers.o</name>
      </input_file>
      <input_file id="fl-16">
         <path>/home/guest/ide/default/i2c_controller_rw_multibyte_fifo_interrupts_LP_MSPM0C1104_nortos_ticlang/Debug/</path>
         <kind>object</kind>
         <file>&lt;internal&gt;</file>
         <name>&lt;internal&gt;</name>
      </input_file>
      <input_file id="fl-17">
         <path>/mnt/tirex-content/mspm0_sdk_2_03_00_07/source/ti/driverlib/lib/ticlang/m0p/mspm0c110x/</path>
         <kind>archive</kind>
         <file>driverlib.a</file>
         <name>dl_common.o</name>
      </input_file>
      <input_file id="fl-18">
         <path>/mnt/tirex-content/mspm0_sdk_2_03_00_07/source/ti/driverlib/lib/ticlang/m0p/mspm0c110x/</path>
         <kind>archive</kind>
         <file>driverlib.a</file>
         <name>dl_i2c.o</name>
      </input_file>
      <input_file id="fl-2d">
         <path>/mnt/ccs/ccs/tools/compiler/ti-cgt-armllvm_4.0.1.LTS/lib/armv6m-ti-none-eabi/c/</path>
         <kind>archive</kind>
         <file>libc.a</file>
         <name>boot_cortex_m.c.obj</name>
      </input_file>
      <input_file id="fl-2e">
         <path>/mnt/ccs/ccs/tools/compiler/ti-cgt-armllvm_4.0.1.LTS/lib/armv6m-ti-none-eabi/c/</path>
         <kind>archive</kind>
         <file>libc.a</file>
         <name>mathacl_init.c.obj</name>
      </input_file>
      <input_file id="fl-2f">
         <path>/mnt/ccs/ccs/tools/compiler/ti-cgt-armllvm_4.0.1.LTS/lib/armv6m-ti-none-eabi/c/</path>
         <kind>archive</kind>
         <file>libc.a</file>
         <name>autoinit.c.obj</name>
      </input_file>
      <input_file id="fl-30">
         <path>/mnt/ccs/ccs/tools/compiler/ti-cgt-armllvm_4.0.1.LTS/lib/armv6m-ti-none-eabi/c/</path>
         <kind>archive</kind>
         <file>libc.a</file>
         <name>pre_init.c.obj</name>
      </input_file>
      <input_file id="fl-31">
         <path>/mnt/ccs/ccs/tools/compiler/ti-cgt-armllvm_4.0.1.LTS/lib/armv6m-ti-none-eabi/c/</path>
         <kind>archive</kind>
         <file>libc.a</file>
         <name>cpy_tbl.c.obj</name>
      </input_file>
      <input_file id="fl-32">
         <path>/mnt/ccs/ccs/tools/compiler/ti-cgt-armllvm_4.0.1.LTS/lib/armv6m-ti-none-eabi/c/</path>
         <kind>archive</kind>
         <file>libc.a</file>
         <name>copy_zero_init.c.obj</name>
      </input_file>
      <input_file id="fl-33">
         <path>/mnt/ccs/ccs/tools/compiler/ti-cgt-armllvm_4.0.1.LTS/lib/armv6m-ti-none-eabi/c/</path>
         <kind>archive</kind>
         <file>libc.a</file>
         <name>copy_decompress_none.c.obj</name>
      </input_file>
      <input_file id="fl-34">
         <path>/mnt/ccs/ccs/tools/compiler/ti-cgt-armllvm_4.0.1.LTS/lib/armv6m-ti-none-eabi/c/</path>
         <kind>archive</kind>
         <file>libc.a</file>
         <name>copy_decompress_lzss.c.obj</name>
      </input_file>
      <input_file id="fl-35">
         <path>/mnt/ccs/ccs/tools/compiler/ti-cgt-armllvm_4.0.1.LTS/lib/armv6m-ti-none-eabi/c/</path>
         <kind>archive</kind>
         <file>libc.a</file>
         <name>exit.c.obj</name>
      </input_file>
      <input_file id="fl-36">
         <path>/mnt/ccs/ccs/tools/compiler/ti-cgt-armllvm_4.0.1.LTS/lib/armv6m-ti-none-eabi/c/</path>
         <kind>archive</kind>
         <file>libc.a</file>
         <name>_lock.c.obj</name>
      </input_file>
      <input_file id="fl-37">
         <path>/mnt/ccs/ccs/tools/compiler/ti-cgt-armllvm_4.0.1.LTS/lib/armv6m-ti-none-eabi/c/</path>
         <kind>archive</kind>
         <file>libc.a</file>
         <name>args_main.c.obj</name>
      </input_file>
      <input_file id="fl-cd">
         <path>/mnt/ccs/ccs/tools/compiler/ti-cgt-armllvm_4.0.1.LTS/lib/armv6m-ti-none-eabi/</path>
         <kind>archive</kind>
         <file>libclang_rt.builtins.a</file>
         <name>muldf3.S.obj</name>
      </input_file>
      <input_file id="fl-ce">
         <path>/mnt/ccs/ccs/tools/compiler/ti-cgt-armllvm_4.0.1.LTS/lib/armv6m-ti-none-eabi/</path>
         <kind>archive</kind>
         <file>libclang_rt.builtins.a</file>
         <name>muldsi3.S.obj</name>
      </input_file>
      <input_file id="fl-cf">
         <path>/mnt/ccs/ccs/tools/compiler/ti-cgt-armllvm_4.0.1.LTS/lib/armv6m-ti-none-eabi/</path>
         <kind>archive</kind>
         <file>libclang_rt.builtins.a</file>
         <name>floatsidf.S.obj</name>
      </input_file>
      <input_file id="fl-d0">
         <path>/mnt/ccs/ccs/tools/compiler/ti-cgt-armllvm_4.0.1.LTS/lib/armv6m-ti-none-eabi/</path>
         <kind>archive</kind>
         <file>libclang_rt.builtins.a</file>
         <name>floatunsidf.S.obj</name>
      </input_file>
      <input_file id="fl-d1">
         <path>/mnt/ccs/ccs/tools/compiler/ti-cgt-armllvm_4.0.1.LTS/lib/armv6m-ti-none-eabi/</path>
         <kind>archive</kind>
         <file>libclang_rt.builtins.a</file>
         <name>aeabi_memcpy.S.obj</name>
      </input_file>
      <input_file id="fl-d2">
         <path>/mnt/ccs/ccs/tools/compiler/ti-cgt-armllvm_4.0.1.LTS/lib/armv6m-ti-none-eabi/</path>
         <kind>archive</kind>
         <file>libclang_rt.builtins.a</file>
         <name>aeabi_memset.S.obj</name>
      </input_file>
      <input_file id="fl-d3">
         <path>/mnt/ccs/ccs/tools/compiler/ti-cgt-armllvm_4.0.1.LTS/lib/armv6m-ti-none-eabi/c/</path>
         <kind>archive</kind>
         <file>libc.a</file>
         <name>memcpy16.S.obj</name>
      </input_file>
      <input_file id="fl-d4">
         <path>/mnt/ccs/ccs/tools/compiler/ti-cgt-armllvm_4.0.1.LTS/lib/armv6m-ti-none-eabi/c/</path>
         <kind>archive</kind>
         <file>libc.a</file>
         <name>memset16.S.obj</name>
      </input_file>
   </input_file_list>
   <object_component_list>
      <object_component id="oc-17">
         <name>.intvecs</name>
         <load_address>0x0</load_address>
         <readonly>true</readonly>
         <run_address>0x0</run_address>
         <size>0xc0</size>
         <alignment>0x4</alignment>
         <input_file_ref idref="fl-2"/>
      </object_component>
      <object_component id="oc-b7">
         <name>.text.ti_opt3007_assignRegistermap</name>
         <load_address>0xc0</load_address>
         <readonly>true</readonly>
         <executable>true</executable>
         <run_address>0xc0</run_address>
         <size>0xf4</size>
         <alignment>0x2</alignment>
         <input_file_ref idref="fl-9"/>
      </object_component>
      <object_component id="oc-33">
         <name>.text.I2C0_IRQHandler</name>
         <load_address>0x1b4</load_address>
         <readonly>true</readonly>
         <executable>true</executable>
         <run_address>0x1b4</run_address>
         <size>0xd4</size>
         <alignment>0x4</alignment>
         <input_file_ref idref="fl-3"/>
      </object_component>
      <object_component id="oc-100">
         <name>.text.ti_opt3007_I2C_write</name>
         <load_address>0x288</load_address>
         <readonly>true</readonly>
         <executable>true</executable>
         <run_address>0x288</run_address>
         <size>0xc4</size>
         <alignment>0x4</alignment>
         <input_file_ref idref="fl-8"/>
      </object_component>
      <object_component id="oc-ad">
         <name>.text:memcpy</name>
         <load_address>0x34c</load_address>
         <readonly>true</readonly>
         <executable>true</executable>
         <run_address>0x34c</run_address>
         <size>0x9a</size>
         <alignment>0x1</alignment>
         <input_file_ref idref="fl-d3"/>
      </object_component>
      <object_component id="oc-32">
         <name>.text.Default_Handler</name>
         <load_address>0x3e6</load_address>
         <readonly>true</readonly>
         <executable>true</executable>
         <run_address>0x3e6</run_address>
         <size>0x2</size>
         <alignment>0x2</alignment>
         <input_file_ref idref="fl-2"/>
      </object_component>
      <object_component id="oc-fe">
         <name>.text.ti_opt3007_I2C_read</name>
         <load_address>0x3e8</load_address>
         <readonly>true</readonly>
         <executable>true</executable>
         <run_address>0x3e8</run_address>
         <size>0x88</size>
         <alignment>0x4</alignment>
         <input_file_ref idref="fl-8"/>
      </object_component>
      <object_component id="oc-7d">
         <name>.text.main</name>
         <load_address>0x470</load_address>
         <readonly>true</readonly>
         <executable>true</executable>
         <run_address>0x470</run_address>
         <size>0x84</size>
         <alignment>0x4</alignment>
         <input_file_ref idref="fl-3"/>
      </object_component>
      <object_component id="oc-1b">
         <name>.text:decompress:lzss</name>
         <load_address>0x4f4</load_address>
         <readonly>true</readonly>
         <executable>true</executable>
         <run_address>0x4f4</run_address>
         <size>0x7c</size>
         <alignment>0x4</alignment>
         <input_file_ref idref="fl-34"/>
      </object_component>
      <object_component id="oc-e7">
         <name>.text.SYSCFG_DL_I2C_init</name>
         <load_address>0x570</load_address>
         <readonly>true</readonly>
         <executable>true</executable>
         <run_address>0x570</run_address>
         <size>0x6c</size>
         <alignment>0x4</alignment>
         <input_file_ref idref="fl-1"/>
      </object_component>
      <object_component id="oc-5b">
         <name>.text.DL_I2C_fillControllerTXFIFO</name>
         <load_address>0x5dc</load_address>
         <readonly>true</readonly>
         <executable>true</executable>
         <run_address>0x5dc</run_address>
         <size>0x5e</size>
         <alignment>0x2</alignment>
         <input_file_ref idref="fl-18"/>
      </object_component>
      <object_component id="oc-ea">
         <name>.text.ti_opt3007_deviceRegister_write</name>
         <load_address>0x63c</load_address>
         <readonly>true</readonly>
         <executable>true</executable>
         <run_address>0x63c</run_address>
         <size>0x4c</size>
         <alignment>0x4</alignment>
         <input_file_ref idref="fl-9"/>
      </object_component>
      <object_component id="oc-ca">
         <name>.text:__TI_auto_init_nobinit_nopinit</name>
         <load_address>0x688</load_address>
         <readonly>true</readonly>
         <executable>true</executable>
         <run_address>0x688</run_address>
         <size>0x3c</size>
         <alignment>0x4</alignment>
         <input_file_ref idref="fl-2f"/>
      </object_component>
      <object_component id="oc-e4">
         <name>.text.SYSCFG_DL_GPIO_init</name>
         <load_address>0x6c4</load_address>
         <readonly>true</readonly>
         <executable>true</executable>
         <run_address>0x6c4</run_address>
         <size>0x38</size>
         <alignment>0x4</alignment>
         <input_file_ref idref="fl-1"/>
      </object_component>
      <object_component id="oc-e3">
         <name>.text.SYSCFG_DL_initPower</name>
         <load_address>0x6fc</load_address>
         <readonly>true</readonly>
         <executable>true</executable>
         <run_address>0x6fc</run_address>
         <size>0x2c</size>
         <alignment>0x4</alignment>
         <input_file_ref idref="fl-1"/>
      </object_component>
      <object_component id="oc-ee">
         <name>.text.ti_opt3007_deviceRegister_read</name>
         <load_address>0x728</load_address>
         <readonly>true</readonly>
         <executable>true</executable>
         <run_address>0x728</run_address>
         <size>0x28</size>
         <alignment>0x4</alignment>
         <input_file_ref idref="fl-9"/>
      </object_component>
      <object_component id="oc-54">
         <name>.text:_c_int00_noargs</name>
         <load_address>0x750</load_address>
         <readonly>true</readonly>
         <executable>true</executable>
         <run_address>0x750</run_address>
         <size>0x28</size>
         <alignment>0x4</alignment>
         <input_file_ref idref="fl-2d"/>
      </object_component>
      <object_component id="oc-fc">
         <name>.text.DL_I2C_setClockConfig</name>
         <load_address>0x778</load_address>
         <readonly>true</readonly>
         <executable>true</executable>
         <run_address>0x778</run_address>
         <size>0x26</size>
         <alignment>0x2</alignment>
         <input_file_ref idref="fl-18"/>
      </object_component>
      <object_component id="oc-e5">
         <name>.text.SYSCFG_DL_SYSCTL_init</name>
         <load_address>0x7a0</load_address>
         <readonly>true</readonly>
         <executable>true</executable>
         <run_address>0x7a0</run_address>
         <size>0x24</size>
         <alignment>0x4</alignment>
         <input_file_ref idref="fl-1"/>
      </object_component>
      <object_component id="oc-4b">
         <name>.text:decompress:ZI:__TI_zero_init_nomemset</name>
         <load_address>0x7c4</load_address>
         <readonly>true</readonly>
         <executable>true</executable>
         <run_address>0x7c4</run_address>
         <size>0x16</size>
         <alignment>0x2</alignment>
         <input_file_ref idref="fl-32"/>
      </object_component>
      <object_component id="oc-b2">
         <name>.text.SYSCFG_DL_init</name>
         <load_address>0x7da</load_address>
         <readonly>true</readonly>
         <executable>true</executable>
         <run_address>0x7da</run_address>
         <size>0x14</size>
         <alignment>0x2</alignment>
         <input_file_ref idref="fl-1"/>
      </object_component>
      <object_component id="oc-1f">
         <name>.text:decompress:none</name>
         <load_address>0x7ee</load_address>
         <readonly>true</readonly>
         <executable>true</executable>
         <run_address>0x7ee</run_address>
         <size>0x12</size>
         <alignment>0x2</alignment>
         <input_file_ref idref="fl-33"/>
      </object_component>
      <object_component id="oc-b9">
         <name>.text.ti_opt3007_setSensorContinuous</name>
         <load_address>0x800</load_address>
         <readonly>true</readonly>
         <executable>true</executable>
         <run_address>0x800</run_address>
         <size>0xc</size>
         <alignment>0x2</alignment>
         <input_file_ref idref="fl-7"/>
      </object_component>
      <object_component id="oc-bb">
         <name>.text.ti_opt3007_setSensorConversionTime100mS</name>
         <load_address>0x80c</load_address>
         <readonly>true</readonly>
         <executable>true</executable>
         <run_address>0x80c</run_address>
         <size>0xc</size>
         <alignment>0x2</alignment>
         <input_file_ref idref="fl-7"/>
      </object_component>
      <object_component id="oc-bc">
         <name>.text.DL_Common_delayCycles</name>
         <load_address>0x818</load_address>
         <readonly>true</readonly>
         <executable>true</executable>
         <run_address>0x818</run_address>
         <size>0xa</size>
         <alignment>0x2</alignment>
         <input_file_ref idref="fl-17"/>
      </object_component>
      <object_component id="oc-c0">
         <name>.text.ti_opt3007_readManufacturerID</name>
         <load_address>0x822</load_address>
         <readonly>true</readonly>
         <executable>true</executable>
         <run_address>0x822</run_address>
         <size>0xa</size>
         <alignment>0x2</alignment>
         <input_file_ref idref="fl-7"/>
      </object_component>
      <object_component id="oc-44">
         <name>.text.__aeabi_memcpy</name>
         <load_address>0x82c</load_address>
         <readonly>true</readonly>
         <executable>true</executable>
         <run_address>0x82c</run_address>
         <size>0x8</size>
         <alignment>0x4</alignment>
         <input_file_ref idref="fl-d1"/>
      </object_component>
      <object_component id="oc-2e">
         <name>.text.Reset_Handler</name>
         <load_address>0x834</load_address>
         <readonly>true</readonly>
         <executable>true</executable>
         <run_address>0x834</run_address>
         <size>0x4</size>
         <alignment>0x2</alignment>
         <input_file_ref idref="fl-2"/>
      </object_component>
      <object_component id="oc-79">
         <name>.text._system_pre_init</name>
         <load_address>0x838</load_address>
         <readonly>true</readonly>
         <executable>true</executable>
         <run_address>0x838</run_address>
         <size>0x4</size>
         <alignment>0x2</alignment>
         <input_file_ref idref="fl-30"/>
      </object_component>
      <object_component id="oc-c3">
         <name>.text:abort</name>
         <load_address>0x83c</load_address>
         <readonly>true</readonly>
         <executable>true</executable>
         <run_address>0x83c</run_address>
         <size>0x4</size>
         <alignment>0x2</alignment>
         <input_file_ref idref="fl-35"/>
      </object_component>
      <object_component id="oc-148">
         <name>__TI_handler_table</name>
         <load_address>0x848</load_address>
         <readonly>true</readonly>
         <run_address>0x848</run_address>
         <size>0xc</size>
         <alignment>0x4</alignment>
      </object_component>
      <object_component id="oc-14b">
         <name>.cinit..bss.load</name>
         <load_address>0x854</load_address>
         <readonly>true</readonly>
         <run_address>0x854</run_address>
         <size>0x8</size>
         <alignment>0x4</alignment>
      </object_component>
      <object_component id="oc-14a">
         <name>.cinit..data.load</name>
         <load_address>0x85c</load_address>
         <readonly>true</readonly>
         <run_address>0x85c</run_address>
         <size>0x7</size>
         <alignment>0x1</alignment>
      </object_component>
      <object_component id="oc-149">
         <name>__TI_cinit_table</name>
         <load_address>0x864</load_address>
         <readonly>true</readonly>
         <run_address>0x864</run_address>
         <size>0x10</size>
         <alignment>0x4</alignment>
      </object_component>
      <object_component id="oc-fd">
         <name>.rodata.gI2CClockConfig</name>
         <load_address>0x840</load_address>
         <readonly>true</readonly>
         <run_address>0x840</run_address>
         <size>0x2</size>
         <alignment>0x1</alignment>
         <input_file_ref idref="fl-1"/>
      </object_component>
      <object_component id="oc-113">
         <name>.binit</name>
         <load_address>0x0</load_address>
         <readonly>true</readonly>
         <run_address>0x0</run_address>
         <size>0x0</size>
         <alignment>0x4</alignment>
      </object_component>
      <object_component id="oc-6a">
         <name>.data.gTxPacket</name>
         <load_address>0x20000024</load_address>
         <readwrite>true</readwrite>
         <run_address>0x20000024</run_address>
         <size>0x10</size>
         <alignment>0x1</alignment>
         <input_file_ref idref="fl-3"/>
      </object_component>
      <object_component id="oc-61">
         <name>.common:gI2cControllerStatus</name>
         <uninitialized>true</uninitialized>
         <readwrite>true</readwrite>
         <run_address>0x20000023</run_address>
         <size>0x1</size>
         <alignment>0x1</alignment>
      </object_component>
      <object_component id="oc-c1">
         <name>.common:bflag</name>
         <uninitialized>true</uninitialized>
         <readwrite>true</readwrite>
         <run_address>0x20000022</run_address>
         <size>0x1</size>
         <alignment>0x1</alignment>
      </object_component>
      <object_component id="oc-c2">
         <name>.common:optid</name>
         <uninitialized>true</uninitialized>
         <readwrite>true</readwrite>
         <run_address>0x20000020</run_address>
         <size>0x2</size>
         <alignment>0x2</alignment>
      </object_component>
      <object_component id="oc-68">
         <name>.common:gTxCount</name>
         <uninitialized>true</uninitialized>
         <readwrite>true</readwrite>
         <run_address>0x20000018</run_address>
         <size>0x4</size>
         <alignment>0x4</alignment>
      </object_component>
      <object_component id="oc-69">
         <name>.common:gTxLen</name>
         <uninitialized>true</uninitialized>
         <readwrite>true</readwrite>
         <run_address>0x2000001c</run_address>
         <size>0x4</size>
         <alignment>0x4</alignment>
      </object_component>
      <object_component id="oc-6b">
         <name>.common:gRxLen</name>
         <uninitialized>true</uninitialized>
         <readwrite>true</readwrite>
         <run_address>0x20000014</run_address>
         <size>0x4</size>
         <alignment>0x4</alignment>
      </object_component>
      <object_component id="oc-6c">
         <name>.common:gRxCount</name>
         <uninitialized>true</uninitialized>
         <readwrite>true</readwrite>
         <run_address>0x20000010</run_address>
         <size>0x4</size>
         <alignment>0x4</alignment>
      </object_component>
      <object_component id="oc-6d">
         <name>.common:gRxPacket</name>
         <uninitialized>true</uninitialized>
         <readwrite>true</readwrite>
         <run_address>0x20000000</run_address>
         <size>0x10</size>
         <alignment>0x1</alignment>
      </object_component>
      <object_component id="oc-19">
         <name>.stack</name>
         <uninitialized>true</uninitialized>
         <readwrite>true</readwrite>
         <run_address>0x200003c0</run_address>
         <size>0x4</size>
         <alignment>0x4</alignment>
         <input_file_ref idref="fl-2d"/>
      </object_component>
      <object_component id="oc-14d">
         <name>.stack</name>
         <uninitialized>true</uninitialized>
         <readwrite>true</readwrite>
         <run_address>0x200003c0</run_address>
         <size>0x0</size>
         <alignment>0x8</alignment>
      </object_component>
      <object_component id="oc-e6">
         <name>.debug_loc</name>
         <load_address>0x0</load_address>
         <run_address>0x0</run_address>
         <size>0x51</size>
         <alignment>0x1</alignment>
         <input_file_ref idref="fl-1"/>
      </object_component>
      <object_component id="oc-34">
         <name>.debug_loc</name>
         <load_address>0x51</load_address>
         <run_address>0x51</run_address>
         <size>0x30</size>
         <alignment>0x1</alignment>
         <input_file_ref idref="fl-3"/>
      </object_component>
      <object_component id="oc-8e">
         <name>.debug_loc</name>
         <load_address>0x81</load_address>
         <run_address>0x81</run_address>
         <size>0x7a</size>
         <alignment>0x1</alignment>
         <input_file_ref idref="fl-4"/>
      </object_component>
      <object_component id="oc-93">
         <name>.debug_loc</name>
         <load_address>0xfb</load_address>
         <run_address>0xfb</run_address>
         <size>0x145</size>
         <alignment>0x1</alignment>
         <input_file_ref idref="fl-5"/>
      </object_component>
      <object_component id="oc-98">
         <name>.debug_loc</name>
         <load_address>0x240</load_address>
         <run_address>0x240</run_address>
         <size>0x12c</size>
         <alignment>0x1</alignment>
         <input_file_ref idref="fl-6"/>
      </object_component>
      <object_component id="oc-9d">
         <name>.debug_loc</name>
         <load_address>0x36c</load_address>
         <run_address>0x36c</run_address>
         <size>0x169</size>
         <alignment>0x1</alignment>
         <input_file_ref idref="fl-7"/>
      </object_component>
      <object_component id="oc-a2">
         <name>.debug_loc</name>
         <load_address>0x4d5</load_address>
         <run_address>0x4d5</run_address>
         <size>0x145</size>
         <alignment>0x1</alignment>
         <input_file_ref idref="fl-8"/>
      </object_component>
      <object_component id="oc-a7">
         <name>.debug_loc</name>
         <load_address>0x61a</load_address>
         <run_address>0x61a</run_address>
         <size>0x12c</size>
         <alignment>0x1</alignment>
         <input_file_ref idref="fl-9"/>
      </object_component>
      <object_component id="oc-ed">
         <name>.debug_loc</name>
         <load_address>0x746</load_address>
         <run_address>0x746</run_address>
         <size>0x13</size>
         <alignment>0x1</alignment>
         <input_file_ref idref="fl-17"/>
      </object_component>
      <object_component id="oc-5c">
         <name>.debug_loc</name>
         <load_address>0x759</load_address>
         <run_address>0x759</run_address>
         <size>0x352</size>
         <alignment>0x1</alignment>
         <input_file_ref idref="fl-18"/>
      </object_component>
      <object_component id="oc-3f">
         <name>.debug_loc</name>
         <load_address>0xaab</load_address>
         <run_address>0xaab</run_address>
         <size>0xd8</size>
         <alignment>0x1</alignment>
         <input_file_ref idref="fl-2d"/>
      </object_component>
      <object_component id="oc-cb">
         <name>.debug_loc</name>
         <load_address>0xb83</load_address>
         <run_address>0xb83</run_address>
         <size>0x424</size>
         <alignment>0x1</alignment>
         <input_file_ref idref="fl-2f"/>
      </object_component>
      <object_component id="oc-4c">
         <name>.debug_loc</name>
         <load_address>0xfa7</load_address>
         <run_address>0xfa7</run_address>
         <size>0x16c</size>
         <alignment>0x1</alignment>
         <input_file_ref idref="fl-32"/>
      </object_component>
      <object_component id="oc-4a">
         <name>.debug_loc</name>
         <load_address>0x1113</load_address>
         <run_address>0x1113</run_address>
         <size>0x6f</size>
         <alignment>0x1</alignment>
         <input_file_ref idref="fl-33"/>
      </object_component>
      <object_component id="oc-42">
         <name>.debug_loc</name>
         <load_address>0x1182</load_address>
         <run_address>0x1182</run_address>
         <size>0x167</size>
         <alignment>0x1</alignment>
         <input_file_ref idref="fl-34"/>
      </object_component>
      <object_component id="oc-c9">
         <name>.debug_loc</name>
         <load_address>0x12e9</load_address>
         <run_address>0x12e9</run_address>
         <size>0x26</size>
         <alignment>0x1</alignment>
         <input_file_ref idref="fl-35"/>
      </object_component>
      <object_component id="oc-e8">
         <name>.debug_abbrev</name>
         <load_address>0x0</load_address>
         <run_address>0x0</run_address>
         <size>0x1be</size>
         <alignment>0x1</alignment>
         <input_file_ref idref="fl-1"/>
      </object_component>
      <object_component id="oc-39">
         <name>.debug_abbrev</name>
         <load_address>0x1be</load_address>
         <run_address>0x1be</run_address>
         <size>0x6d</size>
         <alignment>0x1</alignment>
         <input_file_ref idref="fl-2"/>
      </object_component>
      <object_component id="oc-6e">
         <name>.debug_abbrev</name>
         <load_address>0x22b</load_address>
         <run_address>0x22b</run_address>
         <size>0x1f9</size>
         <alignment>0x1</alignment>
         <input_file_ref idref="fl-3"/>
      </object_component>
      <object_component id="oc-8a">
         <name>.debug_abbrev</name>
         <load_address>0x424</load_address>
         <run_address>0x424</run_address>
         <size>0xe3</size>
         <alignment>0x1</alignment>
         <input_file_ref idref="fl-4"/>
      </object_component>
      <object_component id="oc-8f">
         <name>.debug_abbrev</name>
         <load_address>0x507</load_address>
         <run_address>0x507</run_address>
         <size>0x1ff</size>
         <alignment>0x1</alignment>
         <input_file_ref idref="fl-5"/>
      </object_component>
      <object_component id="oc-94">
         <name>.debug_abbrev</name>
         <load_address>0x706</load_address>
         <run_address>0x706</run_address>
         <size>0xf2</size>
         <alignment>0x1</alignment>
         <input_file_ref idref="fl-6"/>
      </object_component>
      <object_component id="oc-99">
         <name>.debug_abbrev</name>
         <load_address>0x7f8</load_address>
         <run_address>0x7f8</run_address>
         <size>0xe3</size>
         <alignment>0x1</alignment>
         <input_file_ref idref="fl-7"/>
      </object_component>
      <object_component id="oc-9e">
         <name>.debug_abbrev</name>
         <load_address>0x8db</load_address>
         <run_address>0x8db</run_address>
         <size>0x1ff</size>
         <alignment>0x1</alignment>
         <input_file_ref idref="fl-8"/>
      </object_component>
      <object_component id="oc-a3">
         <name>.debug_abbrev</name>
         <load_address>0xada</load_address>
         <run_address>0xada</run_address>
         <size>0xf2</size>
         <alignment>0x1</alignment>
         <input_file_ref idref="fl-9"/>
      </object_component>
      <object_component id="oc-eb">
         <name>.debug_abbrev</name>
         <load_address>0xbcc</load_address>
         <run_address>0xbcc</run_address>
         <size>0x62</size>
         <alignment>0x1</alignment>
         <input_file_ref idref="fl-17"/>
      </object_component>
      <object_component id="oc-88">
         <name>.debug_abbrev</name>
         <load_address>0xc2e</load_address>
         <run_address>0xc2e</run_address>
         <size>0x1e7</size>
         <alignment>0x1</alignment>
         <input_file_ref idref="fl-18"/>
      </object_component>
      <object_component id="oc-3b">
         <name>.debug_abbrev</name>
         <load_address>0xe15</load_address>
         <run_address>0xe15</run_address>
         <size>0xaf</size>
         <alignment>0x1</alignment>
         <input_file_ref idref="fl-2d"/>
      </object_component>
      <object_component id="oc-f5">
         <name>.debug_abbrev</name>
         <load_address>0xec4</load_address>
         <run_address>0xec4</run_address>
         <size>0x170</size>
         <alignment>0x1</alignment>
         <input_file_ref idref="fl-2f"/>
      </object_component>
      <object_component id="oc-b0">
         <name>.debug_abbrev</name>
         <load_address>0x1034</load_address>
         <run_address>0x1034</run_address>
         <size>0x39</size>
         <alignment>0x1</alignment>
         <input_file_ref idref="fl-30"/>
      </object_component>
      <object_component id="oc-72">
         <name>.debug_abbrev</name>
         <load_address>0x106d</load_address>
         <run_address>0x106d</run_address>
         <size>0xc2</size>
         <alignment>0x1</alignment>
         <input_file_ref idref="fl-32"/>
      </object_component>
      <object_component id="oc-48">
         <name>.debug_abbrev</name>
         <load_address>0x112f</load_address>
         <run_address>0x112f</run_address>
         <size>0x70</size>
         <alignment>0x1</alignment>
         <input_file_ref idref="fl-33"/>
      </object_component>
      <object_component id="oc-40">
         <name>.debug_abbrev</name>
         <load_address>0x119f</load_address>
         <run_address>0x119f</run_address>
         <size>0x8d</size>
         <alignment>0x1</alignment>
         <input_file_ref idref="fl-34"/>
      </object_component>
      <object_component id="oc-ef">
         <name>.debug_abbrev</name>
         <load_address>0x122c</load_address>
         <run_address>0x122c</run_address>
         <size>0xb3</size>
         <alignment>0x1</alignment>
         <input_file_ref idref="fl-35"/>
      </object_component>
      <object_component id="oc-71">
         <name>.debug_abbrev</name>
         <load_address>0x12df</load_address>
         <run_address>0x12df</run_address>
         <size>0x27</size>
         <alignment>0x1</alignment>
         <input_file_ref idref="fl-d1"/>
      </object_component>
      <object_component id="oc-dc">
         <name>.debug_abbrev</name>
         <load_address>0x1306</load_address>
         <run_address>0x1306</run_address>
         <size>0x25</size>
         <alignment>0x1</alignment>
         <input_file_ref idref="fl-d3"/>
      </object_component>
      <object_component id="oc-14f">
         <name>.debug_abbrev</name>
         <load_address>0x132b</load_address>
         <run_address>0x132b</run_address>
         <size>0xf</size>
         <alignment>0x0</alignment>
      </object_component>
      <object_component id="oc-b3">
         <name>.debug_info</name>
         <load_address>0x0</load_address>
         <run_address>0x0</run_address>
         <size>0x18e2</size>
         <alignment>0x1</alignment>
         <input_file_ref idref="fl-1"/>
      </object_component>
      <object_component id="oc-18">
         <name>.debug_info</name>
         <load_address>0x18e2</load_address>
         <run_address>0x18e2</run_address>
         <size>0x80</size>
         <alignment>0x1</alignment>
         <input_file_ref idref="fl-2"/>
      </object_component>
      <object_component id="oc-35">
         <name>.debug_info</name>
         <load_address>0x1962</load_address>
         <run_address>0x1962</run_address>
         <size>0x13bf</size>
         <alignment>0x1</alignment>
         <input_file_ref idref="fl-3"/>
      </object_component>
      <object_component id="oc-62">
         <name>.debug_info</name>
         <load_address>0x2d21</load_address>
         <run_address>0x2d21</run_address>
         <size>0x3f5</size>
         <alignment>0x1</alignment>
         <input_file_ref idref="fl-4"/>
      </object_component>
      <object_component id="oc-63">
         <name>.debug_info</name>
         <load_address>0x3116</load_address>
         <run_address>0x3116</run_address>
         <size>0x98b</size>
         <alignment>0x1</alignment>
         <input_file_ref idref="fl-5"/>
      </object_component>
      <object_component id="oc-64">
         <name>.debug_info</name>
         <load_address>0x3aa1</load_address>
         <run_address>0x3aa1</run_address>
         <size>0x448</size>
         <alignment>0x1</alignment>
         <input_file_ref idref="fl-6"/>
      </object_component>
      <object_component id="oc-65">
         <name>.debug_info</name>
         <load_address>0x3ee9</load_address>
         <run_address>0x3ee9</run_address>
         <size>0x391</size>
         <alignment>0x1</alignment>
         <input_file_ref idref="fl-7"/>
      </object_component>
      <object_component id="oc-66">
         <name>.debug_info</name>
         <load_address>0x427a</load_address>
         <run_address>0x427a</run_address>
         <size>0x98b</size>
         <alignment>0x1</alignment>
         <input_file_ref idref="fl-8"/>
      </object_component>
      <object_component id="oc-67">
         <name>.debug_info</name>
         <load_address>0x4c05</load_address>
         <run_address>0x4c05</run_address>
         <size>0x328</size>
         <alignment>0x1</alignment>
         <input_file_ref idref="fl-9"/>
      </object_component>
      <object_component id="oc-bd">
         <name>.debug_info</name>
         <load_address>0x4f2d</load_address>
         <run_address>0x4f2d</run_address>
         <size>0x75</size>
         <alignment>0x1</alignment>
         <input_file_ref idref="fl-17"/>
      </object_component>
      <object_component id="oc-5d">
         <name>.debug_info</name>
         <load_address>0x4fa2</load_address>
         <run_address>0x4fa2</run_address>
         <size>0xca4</size>
         <alignment>0x1</alignment>
         <input_file_ref idref="fl-18"/>
      </object_component>
      <object_component id="oc-1a">
         <name>.debug_info</name>
         <load_address>0x5c46</load_address>
         <run_address>0x5c46</run_address>
         <size>0x423</size>
         <alignment>0x1</alignment>
         <input_file_ref idref="fl-2d"/>
      </object_component>
      <object_component id="oc-cc">
         <name>.debug_info</name>
         <load_address>0x6069</load_address>
         <run_address>0x6069</run_address>
         <size>0x744</size>
         <alignment>0x1</alignment>
         <input_file_ref idref="fl-2f"/>
      </object_component>
      <object_component id="oc-7a">
         <name>.debug_info</name>
         <load_address>0x67ad</load_address>
         <run_address>0x67ad</run_address>
         <size>0x46</size>
         <alignment>0x1</alignment>
         <input_file_ref idref="fl-30"/>
      </object_component>
      <object_component id="oc-4d">
         <name>.debug_info</name>
         <load_address>0x67f3</load_address>
         <run_address>0x67f3</run_address>
         <size>0x192</size>
         <alignment>0x1</alignment>
         <input_file_ref idref="fl-32"/>
      </object_component>
      <object_component id="oc-20">
         <name>.debug_info</name>
         <load_address>0x6985</load_address>
         <run_address>0x6985</run_address>
         <size>0xc6</size>
         <alignment>0x1</alignment>
         <input_file_ref idref="fl-33"/>
      </object_component>
      <object_component id="oc-1c">
         <name>.debug_info</name>
         <load_address>0x6a4b</load_address>
         <run_address>0x6a4b</run_address>
         <size>0x17c</size>
         <alignment>0x1</alignment>
         <input_file_ref idref="fl-34"/>
      </object_component>
      <object_component id="oc-c4">
         <name>.debug_info</name>
         <load_address>0x6bc7</load_address>
         <run_address>0x6bc7</run_address>
         <size>0xed</size>
         <alignment>0x1</alignment>
         <input_file_ref idref="fl-35"/>
      </object_component>
      <object_component id="oc-45">
         <name>.debug_info</name>
         <load_address>0x6cb4</load_address>
         <run_address>0x6cb4</run_address>
         <size>0x1a9</size>
         <alignment>0x1</alignment>
         <input_file_ref idref="fl-d1"/>
      </object_component>
      <object_component id="oc-a9">
         <name>.debug_info</name>
         <load_address>0x6e5d</load_address>
         <run_address>0x6e5d</run_address>
         <size>0x302</size>
         <alignment>0x1</alignment>
         <input_file_ref idref="fl-d3"/>
      </object_component>
      <object_component id="oc-14e">
         <name>.debug_info</name>
         <load_address>0x715f</load_address>
         <run_address>0x715f</run_address>
         <size>0xdc</size>
         <alignment>0x0</alignment>
      </object_component>
      <object_component id="oc-b4">
         <name>.debug_ranges</name>
         <load_address>0x0</load_address>
         <run_address>0x0</run_address>
         <size>0x30</size>
         <alignment>0x1</alignment>
         <input_file_ref idref="fl-1"/>
      </object_component>
      <object_component id="oc-2f">
         <name>.debug_ranges</name>
         <load_address>0x30</load_address>
         <run_address>0x30</run_address>
         <size>0x18</size>
         <alignment>0x1</alignment>
         <input_file_ref idref="fl-2"/>
      </object_component>
      <object_component id="oc-36">
         <name>.debug_ranges</name>
         <load_address>0x48</load_address>
         <run_address>0x48</run_address>
         <size>0x30</size>
         <alignment>0x1</alignment>
         <input_file_ref idref="fl-3"/>
      </object_component>
      <object_component id="oc-8d">
         <name>.debug_ranges</name>
         <load_address>0x78</load_address>
         <run_address>0x78</run_address>
         <size>0x18</size>
         <alignment>0x1</alignment>
         <input_file_ref idref="fl-4"/>
      </object_component>
      <object_component id="oc-92">
         <name>.debug_ranges</name>
         <load_address>0x90</load_address>
         <run_address>0x90</run_address>
         <size>0x98</size>
         <alignment>0x1</alignment>
         <input_file_ref idref="fl-5"/>
      </object_component>
      <object_component id="oc-97">
         <name>.debug_ranges</name>
         <load_address>0x128</load_address>
         <run_address>0x128</run_address>
         <size>0x20</size>
         <alignment>0x1</alignment>
         <input_file_ref idref="fl-6"/>
      </object_component>
      <object_component id="oc-9c">
         <name>.debug_ranges</name>
         <load_address>0x148</load_address>
         <run_address>0x148</run_address>
         <size>0x48</size>
         <alignment>0x1</alignment>
         <input_file_ref idref="fl-7"/>
      </object_component>
      <object_component id="oc-a1">
         <name>.debug_ranges</name>
         <load_address>0x190</load_address>
         <run_address>0x190</run_address>
         <size>0x98</size>
         <alignment>0x1</alignment>
         <input_file_ref idref="fl-8"/>
      </object_component>
      <object_component id="oc-a6">
         <name>.debug_ranges</name>
         <load_address>0x228</load_address>
         <run_address>0x228</run_address>
         <size>0x20</size>
         <alignment>0x1</alignment>
         <input_file_ref idref="fl-9"/>
      </object_component>
      <object_component id="oc-5e">
         <name>.debug_ranges</name>
         <load_address>0x248</load_address>
         <run_address>0x248</run_address>
         <size>0x1d8</size>
         <alignment>0x1</alignment>
         <input_file_ref idref="fl-18"/>
      </object_component>
      <object_component id="oc-3e">
         <name>.debug_ranges</name>
         <load_address>0x420</load_address>
         <run_address>0x420</run_address>
         <size>0x48</size>
         <alignment>0x1</alignment>
         <input_file_ref idref="fl-2d"/>
      </object_component>
      <object_component id="oc-cd">
         <name>.debug_ranges</name>
         <load_address>0x468</load_address>
         <run_address>0x468</run_address>
         <size>0x48</size>
         <alignment>0x1</alignment>
         <input_file_ref idref="fl-2f"/>
      </object_component>
      <object_component id="oc-4e">
         <name>.debug_ranges</name>
         <load_address>0x4b0</load_address>
         <run_address>0x4b0</run_address>
         <size>0x18</size>
         <alignment>0x1</alignment>
         <input_file_ref idref="fl-32"/>
      </object_component>
      <object_component id="oc-43">
         <name>.debug_ranges</name>
         <load_address>0x4c8</load_address>
         <run_address>0x4c8</run_address>
         <size>0x50</size>
         <alignment>0x1</alignment>
         <input_file_ref idref="fl-34"/>
      </object_component>
      <object_component id="oc-c5">
         <name>.debug_ranges</name>
         <load_address>0x518</load_address>
         <run_address>0x518</run_address>
         <size>0x18</size>
         <alignment>0x1</alignment>
         <input_file_ref idref="fl-35"/>
      </object_component>
      <object_component id="oc-ac">
         <name>.debug_ranges</name>
         <load_address>0x530</load_address>
         <run_address>0x530</run_address>
         <size>0x28</size>
         <alignment>0x1</alignment>
         <input_file_ref idref="fl-d3"/>
      </object_component>
      <object_component id="oc-e9">
         <name>.debug_str</name>
         <load_address>0x0</load_address>
         <run_address>0x0</run_address>
         <size>0x1104</size>
         <alignment>0x1</alignment>
         <input_file_ref idref="fl-1"/>
      </object_component>
      <object_component id="oc-3a">
         <name>.debug_str</name>
         <load_address>0x1104</load_address>
         <run_address>0x1104</run_address>
         <size>0x19e</size>
         <alignment>0x1</alignment>
         <input_file_ref idref="fl-2"/>
      </object_component>
      <object_component id="oc-6f">
         <name>.debug_str</name>
         <load_address>0x12a2</load_address>
         <run_address>0x12a2</run_address>
         <size>0xf25</size>
         <alignment>0x1</alignment>
         <input_file_ref idref="fl-3"/>
      </object_component>
      <object_component id="oc-8b">
         <name>.debug_str</name>
         <load_address>0x21c7</load_address>
         <run_address>0x21c7</run_address>
         <size>0x3ec</size>
         <alignment>0x1</alignment>
         <input_file_ref idref="fl-4"/>
      </object_component>
      <object_component id="oc-90">
         <name>.debug_str</name>
         <load_address>0x25b3</load_address>
         <run_address>0x25b3</run_address>
         <size>0x63f</size>
         <alignment>0x1</alignment>
         <input_file_ref idref="fl-5"/>
      </object_component>
      <object_component id="oc-95">
         <name>.debug_str</name>
         <load_address>0x2bf2</load_address>
         <run_address>0x2bf2</run_address>
         <size>0x41f</size>
         <alignment>0x1</alignment>
         <input_file_ref idref="fl-6"/>
      </object_component>
      <object_component id="oc-9a">
         <name>.debug_str</name>
         <load_address>0x3011</load_address>
         <run_address>0x3011</run_address>
         <size>0x403</size>
         <alignment>0x1</alignment>
         <input_file_ref idref="fl-7"/>
      </object_component>
      <object_component id="oc-9f">
         <name>.debug_str</name>
         <load_address>0x3414</load_address>
         <run_address>0x3414</run_address>
         <size>0x645</size>
         <alignment>0x1</alignment>
         <input_file_ref idref="fl-8"/>
      </object_component>
      <object_component id="oc-a4">
         <name>.debug_str</name>
         <load_address>0x3a59</load_address>
         <run_address>0x3a59</run_address>
         <size>0x377</size>
         <alignment>0x1</alignment>
         <input_file_ref idref="fl-9"/>
      </object_component>
      <object_component id="oc-ec">
         <name>.debug_str</name>
         <load_address>0x3dd0</load_address>
         <run_address>0x3dd0</run_address>
         <size>0x16d</size>
         <alignment>0x1</alignment>
         <input_file_ref idref="fl-17"/>
      </object_component>
      <object_component id="oc-89">
         <name>.debug_str</name>
         <load_address>0x3f3d</load_address>
         <run_address>0x3f3d</run_address>
         <size>0x8af</size>
         <alignment>0x1</alignment>
         <input_file_ref idref="fl-18"/>
      </object_component>
      <object_component id="oc-3c">
         <name>.debug_str</name>
         <load_address>0x47ec</load_address>
         <run_address>0x47ec</run_address>
         <size>0x22d</size>
         <alignment>0x1</alignment>
         <input_file_ref idref="fl-2d"/>
      </object_component>
      <object_component id="oc-f6">
         <name>.debug_str</name>
         <load_address>0x4a19</load_address>
         <run_address>0x4a19</run_address>
         <size>0x337</size>
         <alignment>0x1</alignment>
         <input_file_ref idref="fl-2f"/>
      </object_component>
      <object_component id="oc-b1">
         <name>.debug_str</name>
         <load_address>0x4d50</load_address>
         <run_address>0x4d50</run_address>
         <size>0xfd</size>
         <alignment>0x1</alignment>
         <input_file_ref idref="fl-30"/>
      </object_component>
      <object_component id="oc-73">
         <name>.debug_str</name>
         <load_address>0x4e4d</load_address>
         <run_address>0x4e4d</run_address>
         <size>0x1a3</size>
         <alignment>0x1</alignment>
         <input_file_ref idref="fl-32"/>
      </object_component>
      <object_component id="oc-49">
         <name>.debug_str</name>
         <load_address>0x4ff0</load_address>
         <run_address>0x4ff0</run_address>
         <size>0x170</size>
         <alignment>0x1</alignment>
         <input_file_ref idref="fl-33"/>
      </object_component>
      <object_component id="oc-41">
         <name>.debug_str</name>
         <load_address>0x5160</load_address>
         <run_address>0x5160</run_address>
         <size>0x1dd</size>
         <alignment>0x1</alignment>
         <input_file_ref idref="fl-34"/>
      </object_component>
      <object_component id="oc-f0">
         <name>.debug_str</name>
         <load_address>0x533d</load_address>
         <run_address>0x533d</run_address>
         <size>0x147</size>
         <alignment>0x1</alignment>
         <input_file_ref idref="fl-35"/>
      </object_component>
      <object_component id="oc-b5">
         <name>.debug_frame</name>
         <load_address>0x0</load_address>
         <run_address>0x0</run_address>
         <size>0x78</size>
         <alignment>0x4</alignment>
         <input_file_ref idref="fl-1"/>
      </object_component>
      <object_component id="oc-30">
         <name>.debug_frame</name>
         <load_address>0x78</load_address>
         <run_address>0x78</run_address>
         <size>0x30</size>
         <alignment>0x4</alignment>
         <input_file_ref idref="fl-2"/>
      </object_component>
      <object_component id="oc-37">
         <name>.debug_frame</name>
         <load_address>0xa8</load_address>
         <run_address>0xa8</run_address>
         <size>0x40</size>
         <alignment>0x4</alignment>
         <input_file_ref idref="fl-3"/>
      </object_component>
      <object_component id="oc-ba">
         <name>.debug_frame</name>
         <load_address>0xe8</load_address>
         <run_address>0xe8</run_address>
         <size>0xd4</size>
         <alignment>0x4</alignment>
         <input_file_ref idref="fl-7"/>
      </object_component>
      <object_component id="oc-ff">
         <name>.debug_frame</name>
         <load_address>0x1bc</load_address>
         <run_address>0x1bc</run_address>
         <size>0x44</size>
         <alignment>0x4</alignment>
         <input_file_ref idref="fl-8"/>
      </object_component>
      <object_component id="oc-b8">
         <name>.debug_frame</name>
         <load_address>0x200</load_address>
         <run_address>0x200</run_address>
         <size>0x68</size>
         <alignment>0x4</alignment>
         <input_file_ref idref="fl-9"/>
      </object_component>
      <object_component id="oc-be">
         <name>.debug_frame</name>
         <load_address>0x268</load_address>
         <run_address>0x268</run_address>
         <size>0x20</size>
         <alignment>0x4</alignment>
         <input_file_ref idref="fl-17"/>
      </object_component>
      <object_component id="oc-5f">
         <name>.debug_frame</name>
         <load_address>0x288</load_address>
         <run_address>0x288</run_address>
         <size>0x12c</size>
         <alignment>0x4</alignment>
         <input_file_ref idref="fl-18"/>
      </object_component>
      <object_component id="oc-53">
         <name>.debug_frame</name>
         <load_address>0x3b4</load_address>
         <run_address>0x3b4</run_address>
         <size>0x90</size>
         <alignment>0x4</alignment>
         <input_file_ref idref="fl-2d"/>
      </object_component>
      <object_component id="oc-ce">
         <name>.debug_frame</name>
         <load_address>0x444</load_address>
         <run_address>0x444</run_address>
         <size>0x100</size>
         <alignment>0x4</alignment>
         <input_file_ref idref="fl-2f"/>
      </object_component>
      <object_component id="oc-7b">
         <name>.debug_frame</name>
         <load_address>0x544</load_address>
         <run_address>0x544</run_address>
         <size>0x20</size>
         <alignment>0x4</alignment>
         <input_file_ref idref="fl-30"/>
      </object_component>
      <object_component id="oc-4f">
         <name>.debug_frame</name>
         <load_address>0x564</load_address>
         <run_address>0x564</run_address>
         <size>0x38</size>
         <alignment>0x4</alignment>
         <input_file_ref idref="fl-32"/>
      </object_component>
      <object_component id="oc-21">
         <name>.debug_frame</name>
         <load_address>0x59c</load_address>
         <run_address>0x59c</run_address>
         <size>0x28</size>
         <alignment>0x4</alignment>
         <input_file_ref idref="fl-33"/>
      </object_component>
      <object_component id="oc-1d">
         <name>.debug_frame</name>
         <load_address>0x5c4</load_address>
         <run_address>0x5c4</run_address>
         <size>0x30</size>
         <alignment>0x4</alignment>
         <input_file_ref idref="fl-34"/>
      </object_component>
      <object_component id="oc-c6">
         <name>.debug_frame</name>
         <load_address>0x5f4</load_address>
         <run_address>0x5f4</run_address>
         <size>0x30</size>
         <alignment>0x4</alignment>
         <input_file_ref idref="fl-35"/>
      </object_component>
      <object_component id="oc-b6">
         <name>.debug_line</name>
         <load_address>0x0</load_address>
         <run_address>0x0</run_address>
         <size>0x437</size>
         <alignment>0x1</alignment>
         <input_file_ref idref="fl-1"/>
      </object_component>
      <object_component id="oc-31">
         <name>.debug_line</name>
         <load_address>0x437</load_address>
         <run_address>0x437</run_address>
         <size>0xc5</size>
         <alignment>0x1</alignment>
         <input_file_ref idref="fl-2"/>
      </object_component>
      <object_component id="oc-38">
         <name>.debug_line</name>
         <load_address>0x4fc</load_address>
         <run_address>0x4fc</run_address>
         <size>0x428</size>
         <alignment>0x1</alignment>
         <input_file_ref idref="fl-3"/>
      </object_component>
      <object_component id="oc-8c">
         <name>.debug_line</name>
         <load_address>0x924</load_address>
         <run_address>0x924</run_address>
         <size>0x18f</size>
         <alignment>0x1</alignment>
         <input_file_ref idref="fl-4"/>
      </object_component>
      <object_component id="oc-91">
         <name>.debug_line</name>
         <load_address>0xab3</load_address>
         <run_address>0xab3</run_address>
         <size>0x416</size>
         <alignment>0x1</alignment>
         <input_file_ref idref="fl-5"/>
      </object_component>
      <object_component id="oc-96">
         <name>.debug_line</name>
         <load_address>0xec9</load_address>
         <run_address>0xec9</run_address>
         <size>0x30b</size>
         <alignment>0x1</alignment>
         <input_file_ref idref="fl-6"/>
      </object_component>
      <object_component id="oc-9b">
         <name>.debug_line</name>
         <load_address>0x11d4</load_address>
         <run_address>0x11d4</run_address>
         <size>0x243</size>
         <alignment>0x1</alignment>
         <input_file_ref idref="fl-7"/>
      </object_component>
      <object_component id="oc-a0">
         <name>.debug_line</name>
         <load_address>0x1417</load_address>
         <run_address>0x1417</run_address>
         <size>0x419</size>
         <alignment>0x1</alignment>
         <input_file_ref idref="fl-8"/>
      </object_component>
      <object_component id="oc-a5">
         <name>.debug_line</name>
         <load_address>0x1830</load_address>
         <run_address>0x1830</run_address>
         <size>0x266</size>
         <alignment>0x1</alignment>
         <input_file_ref idref="fl-9"/>
      </object_component>
      <object_component id="oc-bf">
         <name>.debug_line</name>
         <load_address>0x1a96</load_address>
         <run_address>0x1a96</run_address>
         <size>0x178</size>
         <alignment>0x1</alignment>
         <input_file_ref idref="fl-17"/>
      </object_component>
      <object_component id="oc-60">
         <name>.debug_line</name>
         <load_address>0x1c0e</load_address>
         <run_address>0x1c0e</run_address>
         <size>0x682</size>
         <alignment>0x1</alignment>
         <input_file_ref idref="fl-18"/>
      </object_component>
      <object_component id="oc-3d">
         <name>.debug_line</name>
         <load_address>0x2290</load_address>
         <run_address>0x2290</run_address>
         <size>0x1dc</size>
         <alignment>0x1</alignment>
         <input_file_ref idref="fl-2d"/>
      </object_component>
      <object_component id="oc-cf">
         <name>.debug_line</name>
         <load_address>0x246c</load_address>
         <run_address>0x246c</run_address>
         <size>0x403</size>
         <alignment>0x1</alignment>
         <input_file_ref idref="fl-2f"/>
      </object_component>
      <object_component id="oc-7c">
         <name>.debug_line</name>
         <load_address>0x286f</load_address>
         <run_address>0x286f</run_address>
         <size>0x3e</size>
         <alignment>0x1</alignment>
         <input_file_ref idref="fl-30"/>
      </object_component>
      <object_component id="oc-50">
         <name>.debug_line</name>
         <load_address>0x28ad</load_address>
         <run_address>0x28ad</run_address>
         <size>0x106</size>
         <alignment>0x1</alignment>
         <input_file_ref idref="fl-32"/>
      </object_component>
      <object_component id="oc-22">
         <name>.debug_line</name>
         <load_address>0x29b3</load_address>
         <run_address>0x29b3</run_address>
         <size>0x63</size>
         <alignment>0x1</alignment>
         <input_file_ref idref="fl-33"/>
      </object_component>
      <object_component id="oc-1e">
         <name>.debug_line</name>
         <load_address>0x2a16</load_address>
         <run_address>0x2a16</run_address>
         <size>0x10e</size>
         <alignment>0x1</alignment>
         <input_file_ref idref="fl-34"/>
      </object_component>
      <object_component id="oc-c7">
         <name>.debug_line</name>
         <load_address>0x2b24</load_address>
         <run_address>0x2b24</run_address>
         <size>0x69</size>
         <alignment>0x1</alignment>
         <input_file_ref idref="fl-35"/>
      </object_component>
      <object_component id="oc-47">
         <name>.debug_line</name>
         <load_address>0x2b8d</load_address>
         <run_address>0x2b8d</run_address>
         <size>0xac</size>
         <alignment>0x1</alignment>
         <input_file_ref idref="fl-d1"/>
      </object_component>
      <object_component id="oc-ab">
         <name>.debug_line</name>
         <load_address>0x2c39</load_address>
         <run_address>0x2c39</run_address>
         <size>0xa0</size>
         <alignment>0x1</alignment>
         <input_file_ref idref="fl-d3"/>
      </object_component>
      <object_component id="oc-46">
         <name>.debug_aranges</name>
         <load_address>0x0</load_address>
         <run_address>0x0</run_address>
         <size>0x20</size>
         <alignment>0x1</alignment>
         <input_file_ref idref="fl-d1"/>
      </object_component>
      <object_component id="oc-aa">
         <name>.debug_aranges</name>
         <load_address>0x20</load_address>
         <run_address>0x20</run_address>
         <size>0x28</size>
         <alignment>0x1</alignment>
         <input_file_ref idref="fl-d3"/>
      </object_component>
   </object_component_list>
   <logical_group_list>
      <logical_group id="lg-2" display="no" color="cyan">
         <name>.intvecs</name>
         <load_address>0x0</load_address>
         <run_address>0x0</run_address>
         <size>0xc0</size>
         <contents>
            <object_component_ref idref="oc-17"/>
         </contents>
      </logical_group>
      <logical_group id="lg-3" display="no" color="cyan">
         <name>.text</name>
         <load_address>0xc0</load_address>
         <run_address>0xc0</run_address>
         <size>0x780</size>
         <contents>
            <object_component_ref idref="oc-b7"/>
            <object_component_ref idref="oc-33"/>
            <object_component_ref idref="oc-100"/>
            <object_component_ref idref="oc-ad"/>
            <object_component_ref idref="oc-32"/>
            <object_component_ref idref="oc-fe"/>
            <object_component_ref idref="oc-7d"/>
            <object_component_ref idref="oc-1b"/>
            <object_component_ref idref="oc-e7"/>
            <object_component_ref idref="oc-5b"/>
            <object_component_ref idref="oc-ea"/>
            <object_component_ref idref="oc-ca"/>
            <object_component_ref idref="oc-e4"/>
            <object_component_ref idref="oc-e3"/>
            <object_component_ref idref="oc-ee"/>
            <object_component_ref idref="oc-54"/>
            <object_component_ref idref="oc-fc"/>
            <object_component_ref idref="oc-e5"/>
            <object_component_ref idref="oc-4b"/>
            <object_component_ref idref="oc-b2"/>
            <object_component_ref idref="oc-1f"/>
            <object_component_ref idref="oc-b9"/>
            <object_component_ref idref="oc-bb"/>
            <object_component_ref idref="oc-bc"/>
            <object_component_ref idref="oc-c0"/>
            <object_component_ref idref="oc-44"/>
            <object_component_ref idref="oc-2e"/>
            <object_component_ref idref="oc-79"/>
            <object_component_ref idref="oc-c3"/>
         </contents>
      </logical_group>
      <logical_group id="lg-4" display="no" color="cyan">
         <name>.const</name>
         <run_address>0x0</run_address>
         <size>0x0</size>
         <contents>
         </contents>
      </logical_group>
      <logical_group id="lg-5" display="no" color="cyan">
         <name>.cinit</name>
         <load_address>0x848</load_address>
         <run_address>0x848</run_address>
         <size>0x30</size>
         <contents>
            <object_component_ref idref="oc-148"/>
            <object_component_ref idref="oc-14b"/>
            <object_component_ref idref="oc-14a"/>
            <object_component_ref idref="oc-149"/>
         </contents>
      </logical_group>
      <logical_group id="lg-6" display="no" color="cyan">
         <name>.pinit</name>
         <run_address>0x0</run_address>
         <size>0x0</size>
         <contents>
         </contents>
      </logical_group>
      <logical_group id="lg-7" display="no" color="cyan">
         <name>.rodata</name>
         <load_address>0x840</load_address>
         <run_address>0x840</run_address>
         <size>0x8</size>
         <contents>
            <object_component_ref idref="oc-fd"/>
         </contents>
      </logical_group>
      <logical_group id="lg-8" display="no" color="cyan">
         <name>.ARM.exidx</name>
         <run_address>0x0</run_address>
         <size>0x0</size>
         <contents>
         </contents>
      </logical_group>
      <logical_group id="lg-9" display="no" color="cyan">
         <name>.init_array</name>
         <run_address>0x0</run_address>
         <size>0x0</size>
         <contents>
         </contents>
      </logical_group>
      <logical_group id="lg-a" display="no" color="cyan">
         <name>.binit</name>
         <load_address>0x0</load_address>
         <run_address>0x0</run_address>
         <size>0x0</size>
         <contents>
            <object_component_ref idref="oc-113"/>
         </contents>
      </logical_group>
      <logical_group id="lg-b" display="no" color="cyan">
         <name>.TI.ramfunc</name>
         <run_address>0x0</run_address>
         <size>0x0</size>
         <contents>
         </contents>
      </logical_group>
      <logical_group id="lg-c" display="no" color="cyan">
         <name>.vtable</name>
         <run_address>0x0</run_address>
         <size>0x0</size>
         <contents>
         </contents>
      </logical_group>
      <logical_group id="lg-d" display="no" color="cyan">
         <name>.args</name>
         <run_address>0x0</run_address>
         <size>0x0</size>
         <contents>
         </contents>
      </logical_group>
      <logical_group id="lg-e" display="no" color="cyan">
         <name>.data</name>
         <run_address>0x20000024</run_address>
         <size>0x10</size>
         <contents>
            <object_component_ref idref="oc-6a"/>
         </contents>
      </logical_group>
      <logical_group id="lg-f" display="no" color="cyan">
         <name>.bss</name>
         <run_address>0x20000000</run_address>
         <size>0x24</size>
         <contents>
            <object_component_ref idref="oc-61"/>
            <object_component_ref idref="oc-c1"/>
            <object_component_ref idref="oc-c2"/>
            <object_component_ref idref="oc-68"/>
            <object_component_ref idref="oc-69"/>
            <object_component_ref idref="oc-6b"/>
            <object_component_ref idref="oc-6c"/>
            <object_component_ref idref="oc-6d"/>
         </contents>
      </logical_group>
      <logical_group id="lg-10" display="no" color="cyan">
         <name>.sysmem</name>
         <run_address>0x0</run_address>
         <size>0x0</size>
         <contents>
         </contents>
      </logical_group>
      <logical_group id="lg-11" display="no" color="cyan">
         <name>.stack</name>
         <run_address>0x200003c0</run_address>
         <size>0x40</size>
         <contents>
            <object_component_ref idref="oc-19"/>
            <object_component_ref idref="oc-14d"/>
         </contents>
      </logical_group>
      <logical_group id="lg-12" display="no" color="cyan">
         <name>.BCRConfig</name>
         <run_address>0x0</run_address>
         <size>0x0</size>
         <contents>
         </contents>
      </logical_group>
      <logical_group id="lg-10a" display="no" color="cyan">
         <name>.TI.noinit</name>
         <run_address>0x0</run_address>
         <size>0x0</size>
         <contents>
         </contents>
      </logical_group>
      <logical_group id="lg-10b" display="no" color="cyan">
         <name>.TI.persistent</name>
         <run_address>0x0</run_address>
         <size>0x0</size>
         <contents>
         </contents>
      </logical_group>
      <logical_group id="lg-10c" display="no" color="cyan">
         <name>.TI.local</name>
         <run_address>0x0</run_address>
         <size>0x0</size>
         <contents>
         </contents>
      </logical_group>
      <logical_group id="lg-10d" display="no" color="cyan">
         <name>.TI.onchip</name>
         <run_address>0x0</run_address>
         <size>0x0</size>
         <contents>
         </contents>
      </logical_group>
      <logical_group id="lg-10e" display="no" color="cyan">
         <name>.TI.offchip</name>
         <run_address>0x0</run_address>
         <size>0x0</size>
         <contents>
         </contents>
      </logical_group>
      <logical_group id="lg-10f" display="no" color="cyan">
         <name>__llvm_prf_cnts</name>
         <run_address>0x20000000</run_address>
         <size>0x0</size>
         <contents>
         </contents>
      </logical_group>
      <logical_group id="lg-111" display="no" color="cyan">
         <name>__llvm_prf_bits</name>
         <run_address>0x20000000</run_address>
         <size>0x0</size>
         <contents>
         </contents>
      </logical_group>
      <logical_group id="lg-12c" display="never" color="cyan">
         <name>.debug_loc</name>
         <load_address>0x0</load_address>
         <run_address>0x0</run_address>
         <size>0x130f</size>
         <contents>
            <object_component_ref idref="oc-e6"/>
            <object_component_ref idref="oc-34"/>
            <object_component_ref idref="oc-8e"/>
            <object_component_ref idref="oc-93"/>
            <object_component_ref idref="oc-98"/>
            <object_component_ref idref="oc-9d"/>
            <object_component_ref idref="oc-a2"/>
            <object_component_ref idref="oc-a7"/>
            <object_component_ref idref="oc-ed"/>
            <object_component_ref idref="oc-5c"/>
            <object_component_ref idref="oc-3f"/>
            <object_component_ref idref="oc-cb"/>
            <object_component_ref idref="oc-4c"/>
            <object_component_ref idref="oc-4a"/>
            <object_component_ref idref="oc-42"/>
            <object_component_ref idref="oc-c9"/>
         </contents>
      </logical_group>
      <logical_group id="lg-12e" display="never" color="cyan">
         <name>.debug_abbrev</name>
         <load_address>0x0</load_address>
         <run_address>0x0</run_address>
         <size>0x133a</size>
         <contents>
            <object_component_ref idref="oc-e8"/>
            <object_component_ref idref="oc-39"/>
            <object_component_ref idref="oc-6e"/>
            <object_component_ref idref="oc-8a"/>
            <object_component_ref idref="oc-8f"/>
            <object_component_ref idref="oc-94"/>
            <object_component_ref idref="oc-99"/>
            <object_component_ref idref="oc-9e"/>
            <object_component_ref idref="oc-a3"/>
            <object_component_ref idref="oc-eb"/>
            <object_component_ref idref="oc-88"/>
            <object_component_ref idref="oc-3b"/>
            <object_component_ref idref="oc-f5"/>
            <object_component_ref idref="oc-b0"/>
            <object_component_ref idref="oc-72"/>
            <object_component_ref idref="oc-48"/>
            <object_component_ref idref="oc-40"/>
            <object_component_ref idref="oc-ef"/>
            <object_component_ref idref="oc-71"/>
            <object_component_ref idref="oc-dc"/>
            <object_component_ref idref="oc-14f"/>
         </contents>
      </logical_group>
      <logical_group id="lg-130" display="never" color="cyan">
         <name>.debug_info</name>
         <load_address>0x0</load_address>
         <run_address>0x0</run_address>
         <size>0x723b</size>
         <contents>
            <object_component_ref idref="oc-b3"/>
            <object_component_ref idref="oc-18"/>
            <object_component_ref idref="oc-35"/>
            <object_component_ref idref="oc-62"/>
            <object_component_ref idref="oc-63"/>
            <object_component_ref idref="oc-64"/>
            <object_component_ref idref="oc-65"/>
            <object_component_ref idref="oc-66"/>
            <object_component_ref idref="oc-67"/>
            <object_component_ref idref="oc-bd"/>
            <object_component_ref idref="oc-5d"/>
            <object_component_ref idref="oc-1a"/>
            <object_component_ref idref="oc-cc"/>
            <object_component_ref idref="oc-7a"/>
            <object_component_ref idref="oc-4d"/>
            <object_component_ref idref="oc-20"/>
            <object_component_ref idref="oc-1c"/>
            <object_component_ref idref="oc-c4"/>
            <object_component_ref idref="oc-45"/>
            <object_component_ref idref="oc-a9"/>
            <object_component_ref idref="oc-14e"/>
         </contents>
      </logical_group>
      <logical_group id="lg-132" display="never" color="cyan">
         <name>.debug_ranges</name>
         <load_address>0x0</load_address>
         <run_address>0x0</run_address>
         <size>0x558</size>
         <contents>
            <object_component_ref idref="oc-b4"/>
            <object_component_ref idref="oc-2f"/>
            <object_component_ref idref="oc-36"/>
            <object_component_ref idref="oc-8d"/>
            <object_component_ref idref="oc-92"/>
            <object_component_ref idref="oc-97"/>
            <object_component_ref idref="oc-9c"/>
            <object_component_ref idref="oc-a1"/>
            <object_component_ref idref="oc-a6"/>
            <object_component_ref idref="oc-5e"/>
            <object_component_ref idref="oc-3e"/>
            <object_component_ref idref="oc-cd"/>
            <object_component_ref idref="oc-4e"/>
            <object_component_ref idref="oc-43"/>
            <object_component_ref idref="oc-c5"/>
            <object_component_ref idref="oc-ac"/>
         </contents>
      </logical_group>
      <logical_group id="lg-134" display="never" color="cyan">
         <name>.debug_str</name>
         <load_address>0x0</load_address>
         <run_address>0x0</run_address>
         <size>0x5484</size>
         <contents>
            <object_component_ref idref="oc-e9"/>
            <object_component_ref idref="oc-3a"/>
            <object_component_ref idref="oc-6f"/>
            <object_component_ref idref="oc-8b"/>
            <object_component_ref idref="oc-90"/>
            <object_component_ref idref="oc-95"/>
            <object_component_ref idref="oc-9a"/>
            <object_component_ref idref="oc-9f"/>
            <object_component_ref idref="oc-a4"/>
            <object_component_ref idref="oc-ec"/>
            <object_component_ref idref="oc-89"/>
            <object_component_ref idref="oc-3c"/>
            <object_component_ref idref="oc-f6"/>
            <object_component_ref idref="oc-b1"/>
            <object_component_ref idref="oc-73"/>
            <object_component_ref idref="oc-49"/>
            <object_component_ref idref="oc-41"/>
            <object_component_ref idref="oc-f0"/>
         </contents>
      </logical_group>
      <logical_group id="lg-136" display="never" color="cyan">
         <name>.debug_frame</name>
         <load_address>0x0</load_address>
         <run_address>0x0</run_address>
         <size>0x624</size>
         <contents>
            <object_component_ref idref="oc-b5"/>
            <object_component_ref idref="oc-30"/>
            <object_component_ref idref="oc-37"/>
            <object_component_ref idref="oc-ba"/>
            <object_component_ref idref="oc-ff"/>
            <object_component_ref idref="oc-b8"/>
            <object_component_ref idref="oc-be"/>
            <object_component_ref idref="oc-5f"/>
            <object_component_ref idref="oc-53"/>
            <object_component_ref idref="oc-ce"/>
            <object_component_ref idref="oc-7b"/>
            <object_component_ref idref="oc-4f"/>
            <object_component_ref idref="oc-21"/>
            <object_component_ref idref="oc-1d"/>
            <object_component_ref idref="oc-c6"/>
         </contents>
      </logical_group>
      <logical_group id="lg-138" display="never" color="cyan">
         <name>.debug_line</name>
         <load_address>0x0</load_address>
         <run_address>0x0</run_address>
         <size>0x2cd9</size>
         <contents>
            <object_component_ref idref="oc-b6"/>
            <object_component_ref idref="oc-31"/>
            <object_component_ref idref="oc-38"/>
            <object_component_ref idref="oc-8c"/>
            <object_component_ref idref="oc-91"/>
            <object_component_ref idref="oc-96"/>
            <object_component_ref idref="oc-9b"/>
            <object_component_ref idref="oc-a0"/>
            <object_component_ref idref="oc-a5"/>
            <object_component_ref idref="oc-bf"/>
            <object_component_ref idref="oc-60"/>
            <object_component_ref idref="oc-3d"/>
            <object_component_ref idref="oc-cf"/>
            <object_component_ref idref="oc-7c"/>
            <object_component_ref idref="oc-50"/>
            <object_component_ref idref="oc-22"/>
            <object_component_ref idref="oc-1e"/>
            <object_component_ref idref="oc-c7"/>
            <object_component_ref idref="oc-47"/>
            <object_component_ref idref="oc-ab"/>
         </contents>
      </logical_group>
      <logical_group id="lg-142" display="never" color="cyan">
         <name>.debug_aranges</name>
         <load_address>0x0</load_address>
         <run_address>0x0</run_address>
         <size>0x48</size>
         <contents>
            <object_component_ref idref="oc-46"/>
            <object_component_ref idref="oc-aa"/>
         </contents>
      </logical_group>
      <logical_group id="lg-14c" display="no" color="cyan">
         <name>Veneer$$CMSE</name>
         <run_address>0x0</run_address>
         <size>0x0</size>
         <contents>
         </contents>
      </logical_group>
      <load_segment id="lg-155" display="no" color="cyan">
         <name>SEGMENT_0</name>
         <load_address>0x0</load_address>
         <run_address>0x0</run_address>
         <size>0x878</size>
         <flags>0x5</flags>
         <contents>
            <logical_group_ref idref="lg-2"/>
            <logical_group_ref idref="lg-3"/>
            <logical_group_ref idref="lg-7"/>
            <logical_group_ref idref="lg-5"/>
         </contents>
      </load_segment>
      <load_segment id="lg-156" display="no" color="cyan">
         <name>SEGMENT_1</name>
         <run_address>0x20000000</run_address>
         <size>0x34</size>
         <flags>0x6</flags>
         <contents>
            <logical_group_ref idref="lg-f"/>
            <logical_group_ref idref="lg-e"/>
         </contents>
      </load_segment>
      <load_segment id="lg-157" display="no" color="cyan">
         <name>SEGMENT_2</name>
         <run_address>0x200003c0</run_address>
         <size>0x40</size>
         <flags>0x6</flags>
         <contents>
            <logical_group_ref idref="lg-11"/>
         </contents>
      </load_segment>
   </logical_group_list>
   <placement_map>
      <memory_area display="yes" color="green">
         <name>FLASH</name>
         <page_id>0x0</page_id>
         <origin>0x0</origin>
         <length>0x2000</length>
         <used_space>0x878</used_space>
         <unused_space>0x1788</unused_space>
         <attributes>RX</attributes>
         <usage_details>
            <allocated_space>
               <start_address>0x0</start_address>
               <size>0x0</size>
               <logical_group_ref idref="lg-a"/>
            </allocated_space>
            <allocated_space>
               <start_address>0x0</start_address>
               <size>0xc0</size>
               <logical_group_ref idref="lg-2"/>
            </allocated_space>
            <allocated_space>
               <start_address>0xc0</start_address>
               <size>0x780</size>
               <logical_group_ref idref="lg-3"/>
            </allocated_space>
            <allocated_space>
               <start_address>0x840</start_address>
               <size>0x8</size>
               <logical_group_ref idref="lg-7"/>
            </allocated_space>
            <allocated_space>
               <start_address>0x848</start_address>
               <size>0x30</size>
               <logical_group_ref idref="lg-5"/>
            </allocated_space>
            <available_space>
               <start_address>0x878</start_address>
               <size>0x1788</size>
            </available_space>
         </usage_details>
      </memory_area>
      <memory_area display="yes" color="green">
         <name>SRAM</name>
         <page_id>0x0</page_id>
         <origin>0x20000000</origin>
         <length>0x400</length>
         <used_space>0x74</used_space>
         <unused_space>0x38c</unused_space>
         <attributes>RWX</attributes>
         <usage_details>
            <allocated_space>
               <start_address>0x20000000</start_address>
               <size>0x0</size>
               <logical_group_ref idref="lg-10f"/>
            </allocated_space>
            <allocated_space>
               <start_address>0x20000000</start_address>
               <size>0x0</size>
               <logical_group_ref idref="lg-111"/>
            </allocated_space>
            <allocated_space>
               <start_address>0x20000000</start_address>
               <size>0x24</size>
               <logical_group_ref idref="lg-f"/>
            </allocated_space>
            <allocated_space>
               <start_address>0x20000024</start_address>
               <size>0x10</size>
               <logical_group_ref idref="lg-e"/>
            </allocated_space>
            <available_space>
               <start_address>0x20000034</start_address>
               <size>0x38c</size>
            </available_space>
            <allocated_space>
               <start_address>0x200003c0</start_address>
               <size>0x40</size>
               <logical_group_ref idref="lg-11"/>
            </allocated_space>
         </usage_details>
      </memory_area>
      <memory_area display="yes" color="green">
         <name>BCR_CONFIG</name>
         <page_id>0x0</page_id>
         <origin>0x41c00000</origin>
         <length>0x80</length>
         <used_space>0x0</used_space>
         <unused_space>0x80</unused_space>
         <attributes>R</attributes>
         <usage_details>
         </usage_details>
      </memory_area>
   </placement_map>
   <cptbl_list>
      <cptbl>
         <name>__TI_cinit_table</name>
         <cprec>
            <name>.bss</name>
            <load_address>0x854</load_address>
            <load_size>0x8</load_size>
            <run_address>0x20000000</run_address>
            <run_size>0x24</run_size>
            <compression>zero_init</compression>
         </cprec>
         <cprec>
            <name>.data</name>
            <load_address>0x85c</load_address>
            <load_size>0x7</load_size>
            <run_address>0x20000024</run_address>
            <run_size>0x10</run_size>
            <compression>lzss</compression>
         </cprec>
      </cptbl>
   </cptbl_list>
   <handler_table>
      <handler_table_name>__TI_handler_table</handler_table_name>
      <handler>
         <index>0x0</index>
         <name>__TI_decompress_lzss</name>
      </handler>
      <handler>
         <index>0x1</index>
         <name>__TI_decompress_none</name>
      </handler>
      <handler>
         <index>0x2</index>
         <name>__TI_zero_init</name>
      </handler>
   </handler_table>
   <symbol_table>
      <symbol id="sm-1">
         <name>__start___llvm_prf_cnts</name>
         <value>0x20000000</value>
      </symbol>
      <symbol id="sm-2">
         <name>__stop___llvm_prf_cnts</name>
         <value>0x20000000</value>
      </symbol>
      <symbol id="sm-3">
         <name>__start___llvm_prf_bits</name>
         <value>0x20000000</value>
      </symbol>
      <symbol id="sm-4">
         <name>__stop___llvm_prf_bits</name>
         <value>0x20000000</value>
      </symbol>
      <symbol id="sm-5">
         <name>__TI_CINIT_Base</name>
         <value>0x864</value>
      </symbol>
      <symbol id="sm-6">
         <name>__TI_CINIT_Limit</name>
         <value>0x874</value>
      </symbol>
      <symbol id="sm-7">
         <name>__TI_CINIT_Warm</name>
         <value>0x874</value>
      </symbol>
      <symbol id="sm-8">
         <name>__TI_Handler_Table_Base</name>
         <value>0x848</value>
      </symbol>
      <symbol id="sm-9">
         <name>__TI_Handler_Table_Limit</name>
         <value>0x854</value>
      </symbol>
      <symbol id="sm-a">
         <name>binit</name>
         <value>0xffffffff</value>
      </symbol>
      <symbol id="sm-b">
         <name>__binit__</name>
         <value>0xffffffff</value>
      </symbol>
      <symbol id="sm-c">
         <name>__STACK_SIZE</name>
         <value>0x40</value>
      </symbol>
      <symbol id="sm-d">
         <name>__STACK_END</name>
         <value>0x20000400</value>
      </symbol>
      <symbol id="sm-e">
         <name>__TI_pprof_out_hndl</name>
         <value>0xffffffff</value>
      </symbol>
      <symbol id="sm-f">
         <name>__TI_prof_data_start</name>
         <value>0xffffffff</value>
      </symbol>
      <symbol id="sm-10">
         <name>__TI_prof_data_size</name>
         <value>0xffffffff</value>
      </symbol>
      <symbol id="sm-49">
         <name>SYSCFG_DL_init</name>
         <value>0x7db</value>
         <object_component_ref idref="oc-b2"/>
      </symbol>
      <symbol id="sm-4a">
         <name>SYSCFG_DL_initPower</name>
         <value>0x6fd</value>
         <object_component_ref idref="oc-e3"/>
      </symbol>
      <symbol id="sm-4b">
         <name>SYSCFG_DL_GPIO_init</name>
         <value>0x6c5</value>
         <object_component_ref idref="oc-e4"/>
      </symbol>
      <symbol id="sm-4c">
         <name>SYSCFG_DL_SYSCTL_init</name>
         <value>0x7a1</value>
         <object_component_ref idref="oc-e5"/>
      </symbol>
      <symbol id="sm-4d">
         <name>SYSCFG_DL_I2C_init</name>
         <value>0x571</value>
         <object_component_ref idref="oc-e7"/>
      </symbol>
      <symbol id="sm-58">
         <name>Default_Handler</name>
         <value>0x3e7</value>
         <object_component_ref idref="oc-32"/>
      </symbol>
      <symbol id="sm-59">
         <name>Reset_Handler</name>
         <value>0x835</value>
         <object_component_ref idref="oc-2e"/>
      </symbol>
      <symbol id="sm-5a">
         <name>interruptVectors</name>
         <value>0x0</value>
         <object_component_ref idref="oc-17"/>
      </symbol>
      <symbol id="sm-5b">
         <name>NMI_Handler</name>
         <value>0x3e7</value>
         <object_component_ref idref="oc-32"/>
      </symbol>
      <symbol id="sm-5c">
         <name>HardFault_Handler</name>
         <value>0x3e7</value>
         <object_component_ref idref="oc-32"/>
      </symbol>
      <symbol id="sm-5d">
         <name>SVC_Handler</name>
         <value>0x3e7</value>
         <object_component_ref idref="oc-32"/>
      </symbol>
      <symbol id="sm-5e">
         <name>PendSV_Handler</name>
         <value>0x3e7</value>
         <object_component_ref idref="oc-32"/>
      </symbol>
      <symbol id="sm-5f">
         <name>SysTick_Handler</name>
         <value>0x3e7</value>
         <object_component_ref idref="oc-32"/>
      </symbol>
      <symbol id="sm-60">
         <name>GROUP0_IRQHandler</name>
         <value>0x3e7</value>
         <object_component_ref idref="oc-32"/>
      </symbol>
      <symbol id="sm-61">
         <name>GPIOA_IRQHandler</name>
         <value>0x3e7</value>
         <object_component_ref idref="oc-32"/>
      </symbol>
      <symbol id="sm-62">
         <name>TIMG8_IRQHandler</name>
         <value>0x3e7</value>
         <object_component_ref idref="oc-32"/>
      </symbol>
      <symbol id="sm-63">
         <name>ADC0_IRQHandler</name>
         <value>0x3e7</value>
         <object_component_ref idref="oc-32"/>
      </symbol>
      <symbol id="sm-64">
         <name>SPI0_IRQHandler</name>
         <value>0x3e7</value>
         <object_component_ref idref="oc-32"/>
      </symbol>
      <symbol id="sm-65">
         <name>UART0_IRQHandler</name>
         <value>0x3e7</value>
         <object_component_ref idref="oc-32"/>
      </symbol>
      <symbol id="sm-66">
         <name>TIMG14_IRQHandler</name>
         <value>0x3e7</value>
         <object_component_ref idref="oc-32"/>
      </symbol>
      <symbol id="sm-67">
         <name>TIMA0_IRQHandler</name>
         <value>0x3e7</value>
         <object_component_ref idref="oc-32"/>
      </symbol>
      <symbol id="sm-68">
         <name>DMA_IRQHandler</name>
         <value>0x3e7</value>
         <object_component_ref idref="oc-32"/>
      </symbol>
      <symbol id="sm-78">
         <name>main</name>
         <value>0x471</value>
         <object_component_ref idref="oc-7d"/>
      </symbol>
      <symbol id="sm-79">
         <name>gI2cControllerStatus</name>
         <value>0x20000023</value>
      </symbol>
      <symbol id="sm-7a">
         <name>bflag</name>
         <value>0x20000022</value>
      </symbol>
      <symbol id="sm-7b">
         <name>optid</name>
         <value>0x20000020</value>
      </symbol>
      <symbol id="sm-7c">
         <name>I2C0_IRQHandler</name>
         <value>0x1b5</value>
         <object_component_ref idref="oc-33"/>
      </symbol>
      <symbol id="sm-7d">
         <name>gTxCount</name>
         <value>0x20000018</value>
      </symbol>
      <symbol id="sm-7e">
         <name>gTxLen</name>
         <value>0x2000001c</value>
      </symbol>
      <symbol id="sm-7f">
         <name>gTxPacket</name>
         <value>0x20000024</value>
         <object_component_ref idref="oc-6a"/>
      </symbol>
      <symbol id="sm-80">
         <name>gRxLen</name>
         <value>0x20000014</value>
      </symbol>
      <symbol id="sm-81">
         <name>gRxCount</name>
         <value>0x20000010</value>
      </symbol>
      <symbol id="sm-82">
         <name>gRxPacket</name>
         <value>0x20000000</value>
      </symbol>
      <symbol id="sm-a2">
         <name>ti_opt3007_setSensorContinuous</name>
         <value>0x801</value>
         <object_component_ref idref="oc-b9"/>
      </symbol>
      <symbol id="sm-a3">
         <name>ti_opt3007_setSensorConversionTime100mS</name>
         <value>0x80d</value>
         <object_component_ref idref="oc-bb"/>
      </symbol>
      <symbol id="sm-a4">
         <name>ti_opt3007_readManufacturerID</name>
         <value>0x823</value>
         <object_component_ref idref="oc-c0"/>
      </symbol>
      <symbol id="sm-b2">
         <name>ti_opt3007_I2C_read</name>
         <value>0x3e9</value>
         <object_component_ref idref="oc-fe"/>
      </symbol>
      <symbol id="sm-b3">
         <name>ti_opt3007_I2C_write</name>
         <value>0x289</value>
         <object_component_ref idref="oc-100"/>
      </symbol>
      <symbol id="sm-c3">
         <name>ti_opt3007_deviceRegister_write</name>
         <value>0x63d</value>
         <object_component_ref idref="oc-ea"/>
      </symbol>
      <symbol id="sm-c4">
         <name>ti_opt3007_deviceRegister_read</name>
         <value>0x729</value>
         <object_component_ref idref="oc-ee"/>
      </symbol>
      <symbol id="sm-c5">
         <name>ti_opt3007_assignRegistermap</name>
         <value>0xc1</value>
         <object_component_ref idref="oc-b7"/>
      </symbol>
      <symbol id="sm-c6">
         <name>__TI_ATRegion0_src_addr</name>
         <value>0x0</value>
      </symbol>
      <symbol id="sm-c7">
         <name>__TI_ATRegion0_trg_addr</name>
         <value>0x0</value>
      </symbol>
      <symbol id="sm-c8">
         <name>__TI_ATRegion0_region_sz</name>
         <value>0x0</value>
      </symbol>
      <symbol id="sm-c9">
         <name>__TI_ATRegion1_src_addr</name>
         <value>0x0</value>
      </symbol>
      <symbol id="sm-ca">
         <name>__TI_ATRegion1_trg_addr</name>
         <value>0x0</value>
      </symbol>
      <symbol id="sm-cb">
         <name>__TI_ATRegion1_region_sz</name>
         <value>0x0</value>
      </symbol>
      <symbol id="sm-cc">
         <name>__TI_ATRegion2_src_addr</name>
         <value>0x0</value>
      </symbol>
      <symbol id="sm-cd">
         <name>__TI_ATRegion2_trg_addr</name>
         <value>0x0</value>
      </symbol>
      <symbol id="sm-ce">
         <name>__TI_ATRegion2_region_sz</name>
         <value>0x0</value>
      </symbol>
      <symbol id="sm-d7">
         <name>DL_Common_delayCycles</name>
         <value>0x819</value>
         <object_component_ref idref="oc-bc"/>
      </symbol>
      <symbol id="sm-e3">
         <name>DL_I2C_setClockConfig</name>
         <value>0x779</value>
         <object_component_ref idref="oc-fc"/>
      </symbol>
      <symbol id="sm-e4">
         <name>DL_I2C_fillControllerTXFIFO</name>
         <value>0x5dd</value>
         <object_component_ref idref="oc-5b"/>
      </symbol>
      <symbol id="sm-ef">
         <name>_c_int00_noargs</name>
         <value>0x751</value>
         <object_component_ref idref="oc-54"/>
      </symbol>
      <symbol id="sm-f0">
         <name>__stack</name>
         <value>0x200003c0</value>
         <object_component_ref idref="oc-19"/>
      </symbol>
      <symbol id="sm-fc">
         <name>__TI_auto_init_nobinit_nopinit</name>
         <value>0x689</value>
         <object_component_ref idref="oc-ca"/>
      </symbol>
      <symbol id="sm-104">
         <name>_system_pre_init</name>
         <value>0x839</value>
         <object_component_ref idref="oc-79"/>
      </symbol>
      <symbol id="sm-10f">
         <name>__TI_zero_init_nomemset</name>
         <value>0x7c5</value>
         <object_component_ref idref="oc-4b"/>
      </symbol>
      <symbol id="sm-118">
         <name>__TI_decompress_none</name>
         <value>0x7ef</value>
         <object_component_ref idref="oc-1f"/>
      </symbol>
      <symbol id="sm-123">
         <name>__TI_decompress_lzss</name>
         <value>0x4f5</value>
         <object_component_ref idref="oc-1b"/>
      </symbol>
      <symbol id="sm-12d">
         <name>abort</name>
         <value>0x83d</value>
         <object_component_ref idref="oc-c3"/>
      </symbol>
      <symbol id="sm-12e">
         <name>C$$EXIT</name>
         <value>0x83c</value>
         <object_component_ref idref="oc-c3"/>
      </symbol>
      <symbol id="sm-136">
         <name>__aeabi_memcpy</name>
         <value>0x82d</value>
         <object_component_ref idref="oc-44"/>
      </symbol>
      <symbol id="sm-137">
         <name>__aeabi_memcpy4</name>
         <value>0x82d</value>
         <object_component_ref idref="oc-44"/>
      </symbol>
      <symbol id="sm-138">
         <name>__aeabi_memcpy8</name>
         <value>0x82d</value>
         <object_component_ref idref="oc-44"/>
      </symbol>
      <symbol id="sm-151">
         <name>memcpy</name>
         <value>0x34d</value>
         <object_component_ref idref="oc-ad"/>
      </symbol>
      <symbol id="sm-152">
         <name>__TI_static_base__</name>
         <value>0x0</value>
      </symbol>
      <symbol id="sm-155">
         <name>__mpu_init</name>
         <value>0x0</value>
      </symbol>
      <symbol id="sm-156">
         <name>_system_post_cinit</name>
         <value>0x0</value>
      </symbol>
   </symbol_table>
   <title>Link successful</title>
</link_info>
